role,seed,transform,feature_mode,threshold,feature_seconds,head_seconds,images_per_second,peak_gpu_memory_mib,total_parameters,trainable_parameters,accuracy,balanced_accuracy,precision,real_recall,fake_recall,binary_f1,macro_f1,auroc,auprc,auroc_delta_from_clean,auprc_delta_from_clean,balanced_accuracy_delta_from_clean
B2,42,clean,final,0.5,,,,,,,0.933,0.933,0.965091299677766,0.9675,0.8985,0.9306059036768514,0.9329201582183192,0.9838525,0.9817089437815648,0.0,0.0,0.0
B2,43,clean,final,0.5,,,,,,,0.935,0.935,0.9622741764080766,0.9645,0.9055,0.933024214322514,0.934943384480344,0.984342625,0.982016322260758,0.0,0.0,0.0
B2,44,clean,final,0.5,,,,,,,0.93175,0.93175,0.9654986522911052,0.968,0.8955,0.929182879377432,0.9316601972279198,0.98401925,0.9818226615730526,0.0,0.0,0.0
B2,42,jpeg,final,0.5,145.41155328901368,0.058547340013319626,27.49705941429618,,151540482.0,263169.0,0.90375,0.90375,0.872634979233964,0.862,0.9455,0.9076073914086873,0.9035819372905685,0.9685153750000001,0.9672293314849003,-0.015337124999999951,-0.014479612296664501,-0.029249999999999998
B2,43,jpeg,final,0.5,145.41155328901368,0.059766968013718724,27.496828879620818,,151540482.0,263169.0,0.901,0.901,0.864877161055505,0.8515,0.9505,0.9056693663649357,0.9007568294212895,0.9683125,0.9666482256908688,-0.016030125000000006,-0.015368096569889134,-0.03400000000000003
B2,44,jpeg,final,0.5,145.41155328901368,0.06226759700803086,27.4963562216049,,151540482.0,263169.0,0.9145,0.9145,0.8943862987630827,0.889,0.94,0.916626036079961,0.9144443674499343,0.9705362500000001,0.9694588038613706,-0.013482999999999912,-0.012363857711682025,-0.017249999999999988
B2,42,resize,final,0.5,166.29034681300982,0.04943599400576204,24.04716377825699,,151540482.0,263169.0,0.901,0.901,0.9083503054989817,0.91,0.892,0.900100908173562,0.9009919803504084,0.9604577500000001,0.957952346129437,-0.02339474999999991,-0.023756597652127787,-0.03200000000000003
B2,43,resize,final,0.5,166.29034681300982,0.046424533997196704,24.047599142436848,,151540482.0,263169.0,0.90175,0.90175,0.8983639067922657,0.8975,0.906,0.9021657953696789,0.9017482253273199,0.9609307500000001,0.9579812433862819,-0.02341187499999997,-0.02403507887447609,-0.03325
B2,44,resize,final,0.5,166.29034681300982,0.05161824499373324,24.04684830196155,,151540482.0,263169.0,0.9005,0.9005000000000001,0.9150259067357513,0.918,0.883,0.8987277353689568,0.9004695187901295,0.959148375,0.9565377295531552,-0.02487087499999996,-0.025284932019897455,-0.03124999999999989
B2,42,blur,final,0.5,172.9988541919738,0.05579020699951798,23.114086385211923,,151540482.0,263169.0,0.899,0.899,0.8829174664107485,0.878,0.92,0.901077375122429,0.8989554393487529,0.9592451250000001,0.957829919893673,-0.024607374999999876,-0.02387902388789176,-0.03400000000000003
B2,43,blur,final,0.5,172.9988541919738,0.05318981601158157,23.114433712296528,,151540482.0,263169.0,0.89375,0.89375,0.8681626928471248,0.859,0.9285,0.8973181928001933,0.8936215413625417,0.9597182500000001,0.9578805088646652,-0.02462437499999992,-0.02413581339609272,-0.04125000000000001
B2,44,blur,final,0.5,172.9988541919738,0.06011322801350616,23.11350899426448,,151540482.0,263169.0,0.901,0.901,0.8927522037218414,0.8905,0.9115,0.9020286986640277,0.9009890840465161,0.95823325,0.9565090617525127,-0.025785999999999976,-0.025313599820539934,-0.030749999999999944
A1,42,clean,penultimate,0.5,,,,,,,0.93625,0.93625,0.9693383539537386,0.9715,0.901,0.933920704845815,0.9361706880906208,0.9880475,0.9872634423787168,0.0,0.0,0.0
A1,43,clean,penultimate,0.5,,,,,,,0.9405,0.9405,0.9666313559322034,0.9685,0.9125,0.9387860082304528,0.940453315399273,0.9882495,0.9874550573435102,0.0,0.0,0.0
A1,44,clean,penultimate,0.5,,,,,,,0.93425,0.93425,0.9712425393380358,0.9735,0.895,0.9315638823835544,0.9341485517282218,0.98828625,0.9875277507743088,0.0,0.0,0.0
A1,42,jpeg,penultimate,0.5,138.60972962202504,0.08153875701827928,28.841036979112467,,151540482.0,263169.0,0.9255,0.9255,0.9079578139980825,0.904,0.947,0.9270680372001958,0.9254655464488459,0.9786202500000001,0.9784353473720526,-0.009427249999999887,-0.00882809500666415,-0.010750000000000037
A1,43,jpeg,penultimate,0.5,138.60972962202504,0.06680594600038603,28.84410101258888,,151540482.0,263169.0,0.92225,0.92225,0.8948106591865358,0.8875,0.957,0.9248610775549649,0.9221559985029422,0.97900275,0.9787819839262055,-0.00924674999999997,-0.008673073417304722,-0.01824999999999999
A1,44,jpeg,penultimate,0.5,138.60972962202504,0.057049891009228304,28.846130371290634,,151540482.0,263169.0,0.92975,0.92975,0.9170305676855895,0.9145,0.945,0.9308052203890668,0.9297336586839977,0.9790329999999999,0.9789264547795078,-0.009253250000000102,-0.008601295994800973,-0.0045000000000000595
A1,42,resize,penultimate,0.5,156.22450781799853,0.04417793400352821,25.5969388924662,,151540482.0,263169.0,0.907,0.907,0.9013806706114399,0.9,0.914,0.9076464746772592,0.9069954427766961,0.9673275000000001,0.9672810119432812,-0.02071999999999985,-0.019982430435435572,-0.029249999999999998
A1,43,resize,penultimate,0.5,156.22450781799853,0.06761192201520316,25.593100961544668,,151540482.0,263169.0,0.909,0.909,0.8928914505283382,0.8885,0.9295,0.910828025477707,0.9089617411717275,0.96792975,0.9678788962975153,-0.02031974999999997,-0.01957616104599491,-0.03149999999999997
A1,44,resize,penultimate,0.5,156.22450781799853,0.05649381401599385,25.594921700198462,,151540482.0,263169.0,0.9075,0.9075,0.9054726368159204,0.905,0.91,0.9077306733167082,0.9074994218713867,0.96782125,0.9677567739238472,-0.020465000000000066,-0.019770976850461586,-0.02675000000000005
A1,42,blur,penultimate,0.5,164.18394306401024,0.057045466004638,24.3544564350269,,151540482.0,263169.0,0.90425,0.90425,0.8804705882352941,0.873,0.9355,0.9071515151515152,0.9041564027370479,0.9668307500000001,0.9665128998115066,-0.021216749999999895,-0.020750542567210206,-0.03200000000000003
A1,43,blur,penultimate,0.5,164.18394306401024,0.04337929200846702,24.356483090728574,,151540482.0,263169.0,0.90125,0.90125,0.8682882055988986,0.8565,0.946,0.9054797798516392,0.9010518501456573,0.9674312500000001,0.9670734354454813,-0.020818249999999927,-0.020381621898028945,-0.03925000000000001
A1,44,blur,penultimate,0.5,164.18394306401024,0.05447464398457669,24.35483765504694,,151540482.0,263169.0,0.9055,0.9055,0.8858230256898192,0.88,0.931,0.9078498293515358,0.9054385113920327,0.9674697500000001,0.9671683802532733,-0.020816499999999905,-0.020359370521035425,-0.028750000000000053
