scope,seed,category,sample_id,path,label,generator,b2_probability,a1_probability,b2_prediction,a1_prediction
genimage_unseen,42,both_wrong,data/raw/GenImage/GLIDE/train/ai/GLIDE_1000_200_00_019_glide_00095.jpg,data/raw/GenImage/GLIDE/train/ai/GLIDE_1000_200_00_019_glide_00095.jpg,1,GLIDE,0.4219935834407806,0.3838185667991638,0,0
genimage_unseen,42,both_wrong,data/raw/GenImage/GLIDE/train/ai/GLIDE_1000_200_00_022_glide_00054.jpg,data/raw/GenImage/GLIDE/train/ai/GLIDE_1000_200_00_022_glide_00054.jpg,1,GLIDE,0.3416749536991119,0.306059330701828,0,0
genimage_unseen,42,both_wrong,data/raw/GenImage/GLIDE/train/ai/GLIDE_1000_200_00_068_glide_00139.jpg,data/raw/GenImage/GLIDE/train/ai/GLIDE_1000_200_00_068_glide_00139.jpg,1,GLIDE,0.0959227383136749,0.1173590123653411,0,0
genimage_unseen,42,both_wrong,data/raw/GenImage/GLIDE/train/ai/GLIDE_1000_200_01_127_glide_00191.jpg,data/raw/GenImage/GLIDE/train/ai/GLIDE_1000_200_01_127_glide_00191.jpg,1,GLIDE,0.2593577802181244,0.393115222454071,0,0
genimage_unseen,42,both_wrong,data/raw/GenImage/GLIDE/train/ai/GLIDE_1000_200_03_339_glide_00196.jpg,data/raw/GenImage/GLIDE/train/ai/GLIDE_1000_200_03_339_glide_00196.jpg,1,GLIDE,0.3044052124023437,0.4868797957897186,0,0
genimage_unseen,42,b2_wrong_a1_correct,data/raw/GenImage/GLIDE/train/ai/GLIDE_1000_200_00_068_glide_00035.jpg,data/raw/GenImage/GLIDE/train/ai/GLIDE_1000_200_00_068_glide_00035.jpg,1,GLIDE,0.2859990298748016,0.5151336193084717,0,1
genimage_unseen,42,b2_wrong_a1_correct,data/raw/GenImage/GLIDE/train/ai/GLIDE_1000_200_00_068_glide_00058.jpg,data/raw/GenImage/GLIDE/train/ai/GLIDE_1000_200_00_068_glide_00058.jpg,1,GLIDE,0.2054435312747955,0.7018747329711914,0,1
genimage_unseen,42,b2_wrong_a1_correct,data/raw/GenImage/GLIDE/train/ai/GLIDE_1000_200_00_076_glide_00005.jpg,data/raw/GenImage/GLIDE/train/ai/GLIDE_1000_200_00_076_glide_00005.jpg,1,GLIDE,0.486662358045578,0.900782585144043,0,1
genimage_unseen,42,b2_wrong_a1_correct,data/raw/GenImage/GLIDE/train/ai/GLIDE_1000_200_01_115_glide_00107.jpg,data/raw/GenImage/GLIDE/train/ai/GLIDE_1000_200_01_115_glide_00107.jpg,1,GLIDE,0.3304550647735595,0.6935591697692871,0,1
genimage_unseen,42,b2_wrong_a1_correct,data/raw/GenImage/GLIDE/train/ai/GLIDE_1000_200_03_312_glide_00011.jpg,data/raw/GenImage/GLIDE/train/ai/GLIDE_1000_200_03_312_glide_00011.jpg,1,GLIDE,0.3215709626674652,0.5776941180229187,0,1
genimage_unseen,42,b2_correct_a1_wrong,data/raw/GenImage/GLIDE/train/ai/GLIDE_1000_200_04_493_glide_00137.jpg,data/raw/GenImage/GLIDE/train/ai/GLIDE_1000_200_04_493_glide_00137.jpg,1,GLIDE,0.650377094745636,0.4983122944831848,1,0
genimage_unseen,42,b2_correct_a1_wrong,data/raw/GenImage/GLIDE/train/ai/GLIDE_1000_200_07_752_glide_00121.jpg,data/raw/GenImage/GLIDE/train/ai/GLIDE_1000_200_07_752_glide_00121.jpg,1,GLIDE,0.8755250573158264,0.4082907438278198,1,0
genimage_unseen,42,b2_correct_a1_wrong,data/raw/GenImage/GLIDE/train/ai/GLIDE_1000_200_08_869_glide_00145.jpg,data/raw/GenImage/GLIDE/train/ai/GLIDE_1000_200_08_869_glide_00145.jpg,1,GLIDE,0.588186502456665,0.2520710825920105,1,0
genimage_unseen,42,b2_correct_a1_wrong,data/raw/GenImage/GLIDE/train/nature/n01742172_367.JPEG,data/raw/GenImage/GLIDE/train/nature/n01742172_367.JPEG,0,GLIDE,0.1653363853693008,0.6458926200866699,0,1
genimage_unseen,42,b2_correct_a1_wrong,data/raw/GenImage/GLIDE/train/nature/n01820546_4459.JPEG,data/raw/GenImage/GLIDE/train/nature/n01820546_4459.JPEG,0,GLIDE,0.2149713784456253,0.5444517731666565,0,1
genimage_unseen,42,both_correct,data/raw/GenImage/GLIDE/train/ai/GLIDE_1000_200_00_002_glide_00060.jpg,data/raw/GenImage/GLIDE/train/ai/GLIDE_1000_200_00_002_glide_00060.jpg,1,GLIDE,0.9436501264572144,0.960936963558197,1,1
genimage_unseen,42,both_correct,data/raw/GenImage/GLIDE/train/ai/GLIDE_1000_200_00_010_glide_00137.jpg,data/raw/GenImage/GLIDE/train/ai/GLIDE_1000_200_00_010_glide_00137.jpg,1,GLIDE,0.9692649245262146,0.9341643452644348,1,1
genimage_unseen,42,both_correct,data/raw/GenImage/GLIDE/train/ai/GLIDE_1000_200_00_012_glide_00074.jpg,data/raw/GenImage/GLIDE/train/ai/GLIDE_1000_200_00_012_glide_00074.jpg,1,GLIDE,0.9191023111343384,0.9541016817092896,1,1
genimage_unseen,42,both_correct,data/raw/GenImage/GLIDE/train/ai/GLIDE_1000_200_00_014_glide_00152.jpg,data/raw/GenImage/GLIDE/train/ai/GLIDE_1000_200_00_014_glide_00152.jpg,1,GLIDE,0.9957793951034546,0.9484225511550904,1,1
genimage_unseen,42,both_correct,data/raw/GenImage/GLIDE/train/ai/GLIDE_1000_200_00_015_glide_00020.jpg,data/raw/GenImage/GLIDE/train/ai/GLIDE_1000_200_00_015_glide_00020.jpg,1,GLIDE,0.977481245994568,0.9842013716697692,1,1
genimage_unseen,43,both_wrong,data/raw/GenImage/GLIDE/train/ai/GLIDE_1000_200_00_019_glide_00095.jpg,data/raw/GenImage/GLIDE/train/ai/GLIDE_1000_200_00_019_glide_00095.jpg,1,GLIDE,0.357163518667221,0.3786103129386902,0,0
genimage_unseen,43,both_wrong,data/raw/GenImage/GLIDE/train/ai/GLIDE_1000_200_00_022_glide_00054.jpg,data/raw/GenImage/GLIDE/train/ai/GLIDE_1000_200_00_022_glide_00054.jpg,1,GLIDE,0.3056681454181671,0.3296349346637726,0,0
genimage_unseen,43,both_wrong,data/raw/GenImage/GLIDE/train/ai/GLIDE_1000_200_00_068_glide_00139.jpg,data/raw/GenImage/GLIDE/train/ai/GLIDE_1000_200_00_068_glide_00139.jpg,1,GLIDE,0.2198446691036224,0.1193245872855186,0,0
genimage_unseen,43,both_wrong,data/raw/GenImage/GLIDE/train/ai/GLIDE_1000_200_01_127_glide_00191.jpg,data/raw/GenImage/GLIDE/train/ai/GLIDE_1000_200_01_127_glide_00191.jpg,1,GLIDE,0.3359460532665252,0.4182067811489105,0,0
genimage_unseen,43,both_wrong,data/raw/GenImage/GLIDE/train/nature/ILSVRC2012_val_00011555.JPEG,data/raw/GenImage/GLIDE/train/nature/ILSVRC2012_val_00011555.JPEG,0,GLIDE,0.5505578517913818,0.8752986788749695,1,1
genimage_unseen,43,b2_wrong_a1_correct,data/raw/GenImage/GLIDE/train/ai/GLIDE_1000_200_00_068_glide_00035.jpg,data/raw/GenImage/GLIDE/train/ai/GLIDE_1000_200_00_068_glide_00035.jpg,1,GLIDE,0.4962916374206543,0.5376917123794556,0,1
genimage_unseen,43,b2_wrong_a1_correct,data/raw/GenImage/GLIDE/train/ai/GLIDE_1000_200_00_068_glide_00058.jpg,data/raw/GenImage/GLIDE/train/ai/GLIDE_1000_200_00_068_glide_00058.jpg,1,GLIDE,0.3818681240081787,0.745333731174469,0,1
genimage_unseen,43,b2_wrong_a1_correct,data/raw/GenImage/GLIDE/train/ai/GLIDE_1000_200_00_089_glide_00191.jpg,data/raw/GenImage/GLIDE/train/ai/GLIDE_1000_200_00_089_glide_00191.jpg,1,GLIDE,0.4912323653697967,0.7528584599494934,0,1
genimage_unseen,43,b2_wrong_a1_correct,data/raw/GenImage/GLIDE/train/ai/GLIDE_1000_200_01_115_glide_00107.jpg,data/raw/GenImage/GLIDE/train/ai/GLIDE_1000_200_01_115_glide_00107.jpg,1,GLIDE,0.4372954070568084,0.7739423513412476,0,1
genimage_unseen,43,b2_wrong_a1_correct,data/raw/GenImage/GLIDE/train/ai/GLIDE_1000_200_03_312_glide_00011.jpg,data/raw/GenImage/GLIDE/train/ai/GLIDE_1000_200_03_312_glide_00011.jpg,1,GLIDE,0.4471070468425751,0.6281247138977051,0,1
genimage_unseen,43,b2_correct_a1_wrong,data/raw/GenImage/GLIDE/train/ai/GLIDE_1000_200_08_869_glide_00145.jpg,data/raw/GenImage/GLIDE/train/ai/GLIDE_1000_200_08_869_glide_00145.jpg,1,GLIDE,0.6636761426925659,0.3569235801696777,1,0
genimage_unseen,43,b2_correct_a1_wrong,data/raw/GenImage/GLIDE/train/nature/n01742172_367.JPEG,data/raw/GenImage/GLIDE/train/nature/n01742172_367.JPEG,0,GLIDE,0.3186953663825989,0.6722021102905273,0,1
genimage_unseen,43,b2_correct_a1_wrong,data/raw/GenImage/GLIDE/train/nature/n01820546_4459.JPEG,data/raw/GenImage/GLIDE/train/nature/n01820546_4459.JPEG,0,GLIDE,0.1512328684329986,0.5200026035308838,0,1
genimage_unseen,43,b2_correct_a1_wrong,data/raw/GenImage/GLIDE/train/nature/n01843383_7838.JPEG,data/raw/GenImage/GLIDE/train/nature/n01843383_7838.JPEG,0,GLIDE,0.4356623888015747,0.598727822303772,0,1
genimage_unseen,43,b2_correct_a1_wrong,data/raw/GenImage/Midjourney/train/ai/110_midjourney_23.jpg,data/raw/GenImage/Midjourney/train/ai/110_midjourney_23.jpg,1,Midjourney,0.5200496315956116,0.1636535674333572,1,0
genimage_unseen,43,both_correct,data/raw/GenImage/GLIDE/train/ai/GLIDE_1000_200_00_002_glide_00060.jpg,data/raw/GenImage/GLIDE/train/ai/GLIDE_1000_200_00_002_glide_00060.jpg,1,GLIDE,0.9513310790061952,0.9690649509429932,1,1
genimage_unseen,43,both_correct,data/raw/GenImage/GLIDE/train/ai/GLIDE_1000_200_00_010_glide_00137.jpg,data/raw/GenImage/GLIDE/train/ai/GLIDE_1000_200_00_010_glide_00137.jpg,1,GLIDE,0.9415460824966432,0.9296550154685974,1,1
genimage_unseen,43,both_correct,data/raw/GenImage/GLIDE/train/ai/GLIDE_1000_200_00_012_glide_00074.jpg,data/raw/GenImage/GLIDE/train/ai/GLIDE_1000_200_00_012_glide_00074.jpg,1,GLIDE,0.8586306571960449,0.9531119465827942,1,1
genimage_unseen,43,both_correct,data/raw/GenImage/GLIDE/train/ai/GLIDE_1000_200_00_014_glide_00152.jpg,data/raw/GenImage/GLIDE/train/ai/GLIDE_1000_200_00_014_glide_00152.jpg,1,GLIDE,0.9929538369178772,0.9481304883956908,1,1
genimage_unseen,43,both_correct,data/raw/GenImage/GLIDE/train/ai/GLIDE_1000_200_00_015_glide_00020.jpg,data/raw/GenImage/GLIDE/train/ai/GLIDE_1000_200_00_015_glide_00020.jpg,1,GLIDE,0.9718623757362366,0.9857662916183472,1,1
genimage_unseen,44,both_wrong,data/raw/GenImage/GLIDE/train/ai/GLIDE_1000_200_00_019_glide_00095.jpg,data/raw/GenImage/GLIDE/train/ai/GLIDE_1000_200_00_019_glide_00095.jpg,1,GLIDE,0.2126973867416381,0.2171219736337661,0,0
genimage_unseen,44,both_wrong,data/raw/GenImage/GLIDE/train/ai/GLIDE_1000_200_00_022_glide_00054.jpg,data/raw/GenImage/GLIDE/train/ai/GLIDE_1000_200_00_022_glide_00054.jpg,1,GLIDE,0.2214652597904205,0.2307192832231521,0,0
genimage_unseen,44,both_wrong,data/raw/GenImage/GLIDE/train/ai/GLIDE_1000_200_00_068_glide_00139.jpg,data/raw/GenImage/GLIDE/train/ai/GLIDE_1000_200_00_068_glide_00139.jpg,1,GLIDE,0.0595274195075035,0.1077122539281845,0,0
genimage_unseen,44,both_wrong,data/raw/GenImage/GLIDE/train/ai/GLIDE_1000_200_01_127_glide_00191.jpg,data/raw/GenImage/GLIDE/train/ai/GLIDE_1000_200_01_127_glide_00191.jpg,1,GLIDE,0.1864531487226486,0.300993263721466,0,0
genimage_unseen,44,both_wrong,data/raw/GenImage/GLIDE/train/ai/GLIDE_1000_200_03_339_glide_00196.jpg,data/raw/GenImage/GLIDE/train/ai/GLIDE_1000_200_03_339_glide_00196.jpg,1,GLIDE,0.3111436069011688,0.4653930962085724,0,0
genimage_unseen,44,b2_wrong_a1_correct,data/raw/GenImage/GLIDE/train/ai/GLIDE_1000_200_00_068_glide_00035.jpg,data/raw/GenImage/GLIDE/train/ai/GLIDE_1000_200_00_068_glide_00035.jpg,1,GLIDE,0.2170899808406829,0.5600723624229431,0,1
genimage_unseen,44,b2_wrong_a1_correct,data/raw/GenImage/GLIDE/train/ai/GLIDE_1000_200_00_068_glide_00058.jpg,data/raw/GenImage/GLIDE/train/ai/GLIDE_1000_200_00_068_glide_00058.jpg,1,GLIDE,0.1768445074558258,0.7210752964019775,0,1
genimage_unseen,44,b2_wrong_a1_correct,data/raw/GenImage/GLIDE/train/ai/GLIDE_1000_200_00_089_glide_00191.jpg,data/raw/GenImage/GLIDE/train/ai/GLIDE_1000_200_00_089_glide_00191.jpg,1,GLIDE,0.334483653306961,0.6505091786384583,0,1
genimage_unseen,44,b2_wrong_a1_correct,data/raw/GenImage/GLIDE/train/ai/GLIDE_1000_200_00_098_glide_00044.jpg,data/raw/GenImage/GLIDE/train/ai/GLIDE_1000_200_00_098_glide_00044.jpg,1,GLIDE,0.4656411409378052,0.7206063270568848,0,1
genimage_unseen,44,b2_wrong_a1_correct,data/raw/GenImage/GLIDE/train/ai/GLIDE_1000_200_01_115_glide_00107.jpg,data/raw/GenImage/GLIDE/train/ai/GLIDE_1000_200_01_115_glide_00107.jpg,1,GLIDE,0.3322203159332275,0.7804730534553528,0,1
genimage_unseen,44,b2_correct_a1_wrong,data/raw/GenImage/GLIDE/train/ai/GLIDE_1000_200_01_144_glide_00187.jpg,data/raw/GenImage/GLIDE/train/ai/GLIDE_1000_200_01_144_glide_00187.jpg,1,GLIDE,0.8951277136802673,0.4719983637332916,1,0
genimage_unseen,44,b2_correct_a1_wrong,data/raw/GenImage/GLIDE/train/ai/GLIDE_1000_200_07_752_glide_00121.jpg,data/raw/GenImage/GLIDE/train/ai/GLIDE_1000_200_07_752_glide_00121.jpg,1,GLIDE,0.8819511532783508,0.3660449981689453,1,0
genimage_unseen,44,b2_correct_a1_wrong,data/raw/GenImage/GLIDE/train/ai/GLIDE_1000_200_08_869_glide_00145.jpg,data/raw/GenImage/GLIDE/train/ai/GLIDE_1000_200_08_869_glide_00145.jpg,1,GLIDE,0.5078250169754028,0.2594351768493652,1,0
genimage_unseen,44,b2_correct_a1_wrong,data/raw/GenImage/GLIDE/train/nature/n01592084_5388.JPEG,data/raw/GenImage/GLIDE/train/nature/n01592084_5388.JPEG,0,GLIDE,0.4558234214782715,0.5060129165649414,0,1
genimage_unseen,44,b2_correct_a1_wrong,data/raw/GenImage/GLIDE/train/nature/n01742172_367.JPEG,data/raw/GenImage/GLIDE/train/nature/n01742172_367.JPEG,0,GLIDE,0.0839153602719307,0.6324154734611511,0,1
genimage_unseen,44,both_correct,data/raw/GenImage/GLIDE/train/ai/GLIDE_1000_200_00_002_glide_00060.jpg,data/raw/GenImage/GLIDE/train/ai/GLIDE_1000_200_00_002_glide_00060.jpg,1,GLIDE,0.9655529260635376,0.9729503989219666,1,1
genimage_unseen,44,both_correct,data/raw/GenImage/GLIDE/train/ai/GLIDE_1000_200_00_010_glide_00137.jpg,data/raw/GenImage/GLIDE/train/ai/GLIDE_1000_200_00_010_glide_00137.jpg,1,GLIDE,0.9304274320602416,0.8731628060340881,1,1
genimage_unseen,44,both_correct,data/raw/GenImage/GLIDE/train/ai/GLIDE_1000_200_00_012_glide_00074.jpg,data/raw/GenImage/GLIDE/train/ai/GLIDE_1000_200_00_012_glide_00074.jpg,1,GLIDE,0.8318660259246826,0.9145063757896424,1,1
genimage_unseen,44,both_correct,data/raw/GenImage/GLIDE/train/ai/GLIDE_1000_200_00_014_glide_00152.jpg,data/raw/GenImage/GLIDE/train/ai/GLIDE_1000_200_00_014_glide_00152.jpg,1,GLIDE,0.9966333508491516,0.9193448424339294,1,1
genimage_unseen,44,both_correct,data/raw/GenImage/GLIDE/train/ai/GLIDE_1000_200_00_015_glide_00020.jpg,data/raw/GenImage/GLIDE/train/ai/GLIDE_1000_200_00_015_glide_00020.jpg,1,GLIDE,0.9769867062568665,0.9733042120933532,1,1
defactify_full,42,both_wrong,defactify-0017903d236513c421ab6529,hf://Rajarshi-Roy-research/Defactify_Image_Dataset@787334f7857fa54f29027a7f09c30e895ad486ef/test/11189,1,Stable Diffusion XL,0.1929625868797302,0.0322377122938632,0,0
defactify_full,42,both_wrong,defactify-0017aa60b0bede871325488b,hf://Rajarshi-Roy-research/Defactify_Image_Dataset@787334f7857fa54f29027a7f09c30e895ad486ef/test/16019,1,Stable Diffusion 3,0.0067342510446906,0.0028825935442,0,0
defactify_full,42,both_wrong,defactify-001d5bc0449a24edb5ee0f53,hf://Rajarshi-Roy-research/Defactify_Image_Dataset@787334f7857fa54f29027a7f09c30e895ad486ef/test/1400,0,real,0.9646706581115724,0.8032436370849609,1,1
defactify_full,42,both_wrong,defactify-0023155614e4373c41cdda8e,hf://Rajarshi-Roy-research/Defactify_Image_Dataset@787334f7857fa54f29027a7f09c30e895ad486ef/test/40816,0,real,0.8872875571250916,0.6262072920799255,1,1
defactify_full,42,both_wrong,defactify-0029d99bbd1de267148b5b8c,hf://Rajarshi-Roy-research/Defactify_Image_Dataset@787334f7857fa54f29027a7f09c30e895ad486ef/test/5605,1,Stable Diffusion 3,0.2506014108657837,0.0642034783959388,0,0
defactify_full,42,b2_wrong_a1_correct,defactify-000528627c2e9e065e4aec24,hf://Rajarshi-Roy-research/Defactify_Image_Dataset@787334f7857fa54f29027a7f09c30e895ad486ef/test/31450,0,real,0.6547420620918274,0.446209192276001,1,0
defactify_full,42,b2_wrong_a1_correct,defactify-000939839e6dd6cb2f6eadd1,hf://Rajarshi-Roy-research/Defactify_Image_Dataset@787334f7857fa54f29027a7f09c30e895ad486ef/test/12809,1,Stable Diffusion 2.1,0.4952420592308044,0.504149317741394,0,1
defactify_full,42,b2_wrong_a1_correct,defactify-002adf374e8ed3ed999c9df1,hf://Rajarshi-Roy-research/Defactify_Image_Dataset@787334f7857fa54f29027a7f09c30e895ad486ef/test/3978,0,real,0.6803964376449585,0.3332485556602478,1,0
defactify_full,42,b2_wrong_a1_correct,defactify-00b1316c298c5bfaba3761af,hf://Rajarshi-Roy-research/Defactify_Image_Dataset@787334f7857fa54f29027a7f09c30e895ad486ef/test/23362,0,real,0.9659972190856934,0.362639844417572,1,0
defactify_full,42,b2_wrong_a1_correct,defactify-00ba0afb263983eef5b74998,hf://Rajarshi-Roy-research/Defactify_Image_Dataset@787334f7857fa54f29027a7f09c30e895ad486ef/test/14251,1,DALL-E 3,0.4976098239421844,0.8432695865631104,0,1
defactify_full,42,b2_correct_a1_wrong,defactify-00421de17f131150bda019f4,hf://Rajarshi-Roy-research/Defactify_Image_Dataset@787334f7857fa54f29027a7f09c30e895ad486ef/test/35206,1,Stable Diffusion 2.1,0.9686108827590942,0.3685909807682037,1,0
defactify_full,42,b2_correct_a1_wrong,defactify-0065ac707829e0aec787e3a0,hf://Rajarshi-Roy-research/Defactify_Image_Dataset@787334f7857fa54f29027a7f09c30e895ad486ef/test/9965,0,real,0.1499658674001693,0.544197678565979,0,1
defactify_full,42,b2_correct_a1_wrong,defactify-0070cc921d30f2ead71b8538,hf://Rajarshi-Roy-research/Defactify_Image_Dataset@787334f7857fa54f29027a7f09c30e895ad486ef/test/9794,1,Midjourney 6,0.8801089525222778,0.4371872842311859,1,0
defactify_full,42,b2_correct_a1_wrong,defactify-0072903aee727ff20f1533e4,hf://Rajarshi-Roy-research/Defactify_Image_Dataset@787334f7857fa54f29027a7f09c30e895ad486ef/test/43175,1,Stable Diffusion 2.1,0.8007951378822327,0.3114816546440124,1,0
defactify_full,42,b2_correct_a1_wrong,defactify-0079c9faa53b4b4072c2f882,hf://Rajarshi-Roy-research/Defactify_Image_Dataset@787334f7857fa54f29027a7f09c30e895ad486ef/test/14921,1,Stable Diffusion XL,0.795499324798584,0.3919414281845093,1,0
defactify_full,42,both_correct,defactify-000150a13b5b95db88251fdb,hf://Rajarshi-Roy-research/Defactify_Image_Dataset@787334f7857fa54f29027a7f09c30e895ad486ef/test/8791,1,Stable Diffusion 2.1,0.9938644766807556,0.715775728225708,1,1
defactify_full,42,both_correct,defactify-00038c81b72885b4153857e3,hf://Rajarshi-Roy-research/Defactify_Image_Dataset@787334f7857fa54f29027a7f09c30e895ad486ef/test/7395,1,Stable Diffusion 2.1,0.9869007468223572,0.8093270063400269,1,1
defactify_full,42,both_correct,defactify-000622c8fca8367b01d6b69a,hf://Rajarshi-Roy-research/Defactify_Image_Dataset@787334f7857fa54f29027a7f09c30e895ad486ef/test/1885,1,DALL-E 3,0.9992050528526306,0.999830722808838,1,1
defactify_full,42,both_correct,defactify-00063746c4ca6854f7bc0bab,hf://Rajarshi-Roy-research/Defactify_Image_Dataset@787334f7857fa54f29027a7f09c30e895ad486ef/test/12601,1,DALL-E 3,0.998938262462616,0.9972881078720092,1,1
defactify_full,42,both_correct,defactify-0006765a94e5f313139aefbd,hf://Rajarshi-Roy-research/Defactify_Image_Dataset@787334f7857fa54f29027a7f09c30e895ad486ef/test/14613,1,DALL-E 3,0.9933682084083556,0.9868080019950868,1,1
defactify_full,43,both_wrong,defactify-000528627c2e9e065e4aec24,hf://Rajarshi-Roy-research/Defactify_Image_Dataset@787334f7857fa54f29027a7f09c30e895ad486ef/test/31450,0,real,0.6453119516372681,0.5169168710708618,1,1
defactify_full,43,both_wrong,defactify-0017903d236513c421ab6529,hf://Rajarshi-Roy-research/Defactify_Image_Dataset@787334f7857fa54f29027a7f09c30e895ad486ef/test/11189,1,Stable Diffusion XL,0.2329263091087341,0.0469365864992141,0,0
defactify_full,43,both_wrong,defactify-0017aa60b0bede871325488b,hf://Rajarshi-Roy-research/Defactify_Image_Dataset@787334f7857fa54f29027a7f09c30e895ad486ef/test/16019,1,Stable Diffusion 3,0.0080896811559796,0.0037270444445312,0,0
defactify_full,43,both_wrong,defactify-001d5bc0449a24edb5ee0f53,hf://Rajarshi-Roy-research/Defactify_Image_Dataset@787334f7857fa54f29027a7f09c30e895ad486ef/test/1400,0,real,0.9519217014312744,0.8775155544281006,1,1
defactify_full,43,both_wrong,defactify-0023155614e4373c41cdda8e,hf://Rajarshi-Roy-research/Defactify_Image_Dataset@787334f7857fa54f29027a7f09c30e895ad486ef/test/40816,0,real,0.914994180202484,0.715141236782074,1,1
defactify_full,43,b2_wrong_a1_correct,defactify-000939839e6dd6cb2f6eadd1,hf://Rajarshi-Roy-research/Defactify_Image_Dataset@787334f7857fa54f29027a7f09c30e895ad486ef/test/12809,1,Stable Diffusion 2.1,0.4920921325683594,0.5303282141685486,0,1
defactify_full,43,b2_wrong_a1_correct,defactify-002adf374e8ed3ed999c9df1,hf://Rajarshi-Roy-research/Defactify_Image_Dataset@787334f7857fa54f29027a7f09c30e895ad486ef/test/3978,0,real,0.7439008951187134,0.4707465767860412,1,0
defactify_full,43,b2_wrong_a1_correct,defactify-0107d2e0535f0cbe02379ddb,hf://Rajarshi-Roy-research/Defactify_Image_Dataset@787334f7857fa54f29027a7f09c30e895ad486ef/test/13840,0,real,0.624391496181488,0.3517607152462005,1,0
defactify_full,43,b2_wrong_a1_correct,defactify-012159040f1d6fca2162ca3f,hf://Rajarshi-Roy-research/Defactify_Image_Dataset@787334f7857fa54f29027a7f09c30e895ad486ef/test/9546,1,Stable Diffusion 3,0.1678178757429123,0.7369797825813293,0,1
defactify_full,43,b2_wrong_a1_correct,defactify-012ec9560c78f789d593d2ae,hf://Rajarshi-Roy-research/Defactify_Image_Dataset@787334f7857fa54f29027a7f09c30e895ad486ef/test/17437,1,Stable Diffusion XL,0.3584825694561004,0.53985595703125,0,1
defactify_full,43,b2_correct_a1_wrong,defactify-00421de17f131150bda019f4,hf://Rajarshi-Roy-research/Defactify_Image_Dataset@787334f7857fa54f29027a7f09c30e895ad486ef/test/35206,1,Stable Diffusion 2.1,0.977589786052704,0.4110233187675476,1,0
defactify_full,43,b2_correct_a1_wrong,defactify-0065ac707829e0aec787e3a0,hf://Rajarshi-Roy-research/Defactify_Image_Dataset@787334f7857fa54f29027a7f09c30e895ad486ef/test/9965,0,real,0.1837511956691742,0.5911573767662048,0,1
defactify_full,43,b2_correct_a1_wrong,defactify-0072903aee727ff20f1533e4,hf://Rajarshi-Roy-research/Defactify_Image_Dataset@787334f7857fa54f29027a7f09c30e895ad486ef/test/43175,1,Stable Diffusion 2.1,0.8511377573013306,0.392151266336441,1,0
defactify_full,43,b2_correct_a1_wrong,defactify-007f29748009d3267462ab71,hf://Rajarshi-Roy-research/Defactify_Image_Dataset@787334f7857fa54f29027a7f09c30e895ad486ef/test/35076,1,Stable Diffusion XL,0.5592766404151917,0.3670355081558227,1,0
defactify_full,43,b2_correct_a1_wrong,defactify-009bee38a62896fe12206716,hf://Rajarshi-Roy-research/Defactify_Image_Dataset@787334f7857fa54f29027a7f09c30e895ad486ef/test/14798,1,Midjourney 6,0.8347707390785217,0.3156889975070953,1,0
defactify_full,43,both_correct,defactify-000150a13b5b95db88251fdb,hf://Rajarshi-Roy-research/Defactify_Image_Dataset@787334f7857fa54f29027a7f09c30e895ad486ef/test/8791,1,Stable Diffusion 2.1,0.9892780780792236,0.8159514665603638,1,1
defactify_full,43,both_correct,defactify-00038c81b72885b4153857e3,hf://Rajarshi-Roy-research/Defactify_Image_Dataset@787334f7857fa54f29027a7f09c30e895ad486ef/test/7395,1,Stable Diffusion 2.1,0.9861970543861388,0.8791041374206543,1,1
defactify_full,43,both_correct,defactify-000622c8fca8367b01d6b69a,hf://Rajarshi-Roy-research/Defactify_Image_Dataset@787334f7857fa54f29027a7f09c30e895ad486ef/test/1885,1,DALL-E 3,0.9985431432724,0.999766767024994,1,1
defactify_full,43,both_correct,defactify-00063746c4ca6854f7bc0bab,hf://Rajarshi-Roy-research/Defactify_Image_Dataset@787334f7857fa54f29027a7f09c30e895ad486ef/test/12601,1,DALL-E 3,0.9981991648674012,0.9978384375572203,1,1
defactify_full,43,both_correct,defactify-0006765a94e5f313139aefbd,hf://Rajarshi-Roy-research/Defactify_Image_Dataset@787334f7857fa54f29027a7f09c30e895ad486ef/test/14613,1,DALL-E 3,0.9911701679229736,0.990673840045929,1,1
defactify_full,44,both_wrong,defactify-000939839e6dd6cb2f6eadd1,hf://Rajarshi-Roy-research/Defactify_Image_Dataset@787334f7857fa54f29027a7f09c30e895ad486ef/test/12809,1,Stable Diffusion 2.1,0.4062720537185669,0.3895886540412903,0,0
defactify_full,44,both_wrong,defactify-0017903d236513c421ab6529,hf://Rajarshi-Roy-research/Defactify_Image_Dataset@787334f7857fa54f29027a7f09c30e895ad486ef/test/11189,1,Stable Diffusion XL,0.0892334282398223,0.0302387401461601,0,0
defactify_full,44,both_wrong,defactify-0017aa60b0bede871325488b,hf://Rajarshi-Roy-research/Defactify_Image_Dataset@787334f7857fa54f29027a7f09c30e895ad486ef/test/16019,1,Stable Diffusion 3,0.0040944889187812,0.0029567722231149,0,0
defactify_full,44,both_wrong,defactify-001d5bc0449a24edb5ee0f53,hf://Rajarshi-Roy-research/Defactify_Image_Dataset@787334f7857fa54f29027a7f09c30e895ad486ef/test/1400,0,real,0.983005940914154,0.8288918733596802,1,1
defactify_full,44,both_wrong,defactify-0023155614e4373c41cdda8e,hf://Rajarshi-Roy-research/Defactify_Image_Dataset@787334f7857fa54f29027a7f09c30e895ad486ef/test/40816,0,real,0.9189769625663756,0.6294683814048767,1,1
defactify_full,44,b2_wrong_a1_correct,defactify-000528627c2e9e065e4aec24,hf://Rajarshi-Roy-research/Defactify_Image_Dataset@787334f7857fa54f29027a7f09c30e895ad486ef/test/31450,0,real,0.6312377452850342,0.3819592297077179,1,0
defactify_full,44,b2_wrong_a1_correct,defactify-002adf374e8ed3ed999c9df1,hf://Rajarshi-Roy-research/Defactify_Image_Dataset@787334f7857fa54f29027a7f09c30e895ad486ef/test/3978,0,real,0.5565707683563232,0.3160871863365173,1,0
defactify_full,44,b2_wrong_a1_correct,defactify-00b1316c298c5bfaba3761af,hf://Rajarshi-Roy-research/Defactify_Image_Dataset@787334f7857fa54f29027a7f09c30e895ad486ef/test/23362,0,real,0.9647201299667358,0.3836382627487182,1,0
defactify_full,44,b2_wrong_a1_correct,defactify-00ba0afb263983eef5b74998,hf://Rajarshi-Roy-research/Defactify_Image_Dataset@787334f7857fa54f29027a7f09c30e895ad486ef/test/14251,1,DALL-E 3,0.3696696758270263,0.7921893000602722,0,1
defactify_full,44,b2_wrong_a1_correct,defactify-0107d2e0535f0cbe02379ddb,hf://Rajarshi-Roy-research/Defactify_Image_Dataset@787334f7857fa54f29027a7f09c30e895ad486ef/test/13840,0,real,0.6985244750976562,0.2408990263938903,1,0
defactify_full,44,b2_correct_a1_wrong,defactify-00421de17f131150bda019f4,hf://Rajarshi-Roy-research/Defactify_Image_Dataset@787334f7857fa54f29027a7f09c30e895ad486ef/test/35206,1,Stable Diffusion 2.1,0.9772332310676576,0.2965451776981354,1,0
defactify_full,44,b2_correct_a1_wrong,defactify-0070cc921d30f2ead71b8538,hf://Rajarshi-Roy-research/Defactify_Image_Dataset@787334f7857fa54f29027a7f09c30e895ad486ef/test/9794,1,Midjourney 6,0.9320087432861328,0.4971970915794372,1,0
defactify_full,44,b2_correct_a1_wrong,defactify-0072903aee727ff20f1533e4,hf://Rajarshi-Roy-research/Defactify_Image_Dataset@787334f7857fa54f29027a7f09c30e895ad486ef/test/43175,1,Stable Diffusion 2.1,0.7487197518348694,0.321313202381134,1,0
defactify_full,44,b2_correct_a1_wrong,defactify-0079c9faa53b4b4072c2f882,hf://Rajarshi-Roy-research/Defactify_Image_Dataset@787334f7857fa54f29027a7f09c30e895ad486ef/test/14921,1,Stable Diffusion XL,0.7732901573181152,0.4067013263702392,1,0
defactify_full,44,b2_correct_a1_wrong,defactify-0096edbda4a9d4d3a812b408,hf://Rajarshi-Roy-research/Defactify_Image_Dataset@787334f7857fa54f29027a7f09c30e895ad486ef/test/43566,0,real,0.2736921608448028,0.8678778409957886,0,1
defactify_full,44,both_correct,defactify-000150a13b5b95db88251fdb,hf://Rajarshi-Roy-research/Defactify_Image_Dataset@787334f7857fa54f29027a7f09c30e895ad486ef/test/8791,1,Stable Diffusion 2.1,0.9978411197662354,0.724895715713501,1,1
defactify_full,44,both_correct,defactify-00038c81b72885b4153857e3,hf://Rajarshi-Roy-research/Defactify_Image_Dataset@787334f7857fa54f29027a7f09c30e895ad486ef/test/7395,1,Stable Diffusion 2.1,0.9921274185180664,0.8147894740104675,1,1
defactify_full,44,both_correct,defactify-000622c8fca8367b01d6b69a,hf://Rajarshi-Roy-research/Defactify_Image_Dataset@787334f7857fa54f29027a7f09c30e895ad486ef/test/1885,1,DALL-E 3,0.9997705817222596,0.9998773336410522,1,1
defactify_full,44,both_correct,defactify-00063746c4ca6854f7bc0bab,hf://Rajarshi-Roy-research/Defactify_Image_Dataset@787334f7857fa54f29027a7f09c30e895ad486ef/test/12601,1,DALL-E 3,0.9997410178184508,0.9970332384109496,1,1
defactify_full,44,both_correct,defactify-0006765a94e5f313139aefbd,hf://Rajarshi-Roy-research/Defactify_Image_Dataset@787334f7857fa54f29027a7f09c30e895ad486ef/test/14613,1,DALL-E 3,0.9980167150497437,0.9873825907707214,1,1
defactify_balanced,42,both_wrong,defactify-0017903d236513c421ab6529,hf://Rajarshi-Roy-research/Defactify_Image_Dataset@787334f7857fa54f29027a7f09c30e895ad486ef/test/11189,1,Stable Diffusion XL,0.1929625868797302,0.0322377122938632,0,0
defactify_balanced,42,both_wrong,defactify-001d5bc0449a24edb5ee0f53,hf://Rajarshi-Roy-research/Defactify_Image_Dataset@787334f7857fa54f29027a7f09c30e895ad486ef/test/1400,0,real,0.9646706581115724,0.8032436370849609,1,1
defactify_balanced,42,both_wrong,defactify-0023155614e4373c41cdda8e,hf://Rajarshi-Roy-research/Defactify_Image_Dataset@787334f7857fa54f29027a7f09c30e895ad486ef/test/40816,0,real,0.8872875571250916,0.6262072920799255,1,1
defactify_balanced,42,both_wrong,defactify-0033a720c753cce2786903dc,hf://Rajarshi-Roy-research/Defactify_Image_Dataset@787334f7857fa54f29027a7f09c30e895ad486ef/test/5065,0,real,0.9547773599624634,0.9129075407981871,1,1
defactify_balanced,42,both_wrong,defactify-003e7b5f1d42a157aa57a8bd,hf://Rajarshi-Roy-research/Defactify_Image_Dataset@787334f7857fa54f29027a7f09c30e895ad486ef/test/709,0,real,0.8248279094696045,0.7062333822250366,1,1
defactify_balanced,42,b2_wrong_a1_correct,defactify-000528627c2e9e065e4aec24,hf://Rajarshi-Roy-research/Defactify_Image_Dataset@787334f7857fa54f29027a7f09c30e895ad486ef/test/31450,0,real,0.6547420620918274,0.446209192276001,1,0
defactify_balanced,42,b2_wrong_a1_correct,defactify-002adf374e8ed3ed999c9df1,hf://Rajarshi-Roy-research/Defactify_Image_Dataset@787334f7857fa54f29027a7f09c30e895ad486ef/test/3978,0,real,0.6803964376449585,0.3332485556602478,1,0
defactify_balanced,42,b2_wrong_a1_correct,defactify-00b1316c298c5bfaba3761af,hf://Rajarshi-Roy-research/Defactify_Image_Dataset@787334f7857fa54f29027a7f09c30e895ad486ef/test/23362,0,real,0.9659972190856934,0.362639844417572,1,0
defactify_balanced,42,b2_wrong_a1_correct,defactify-0107d2e0535f0cbe02379ddb,hf://Rajarshi-Roy-research/Defactify_Image_Dataset@787334f7857fa54f29027a7f09c30e895ad486ef/test/13840,0,real,0.5977367162704468,0.2738922536373138,1,0
defactify_balanced,42,b2_wrong_a1_correct,defactify-01cbdd12bd8a51603f9ef9e8,hf://Rajarshi-Roy-research/Defactify_Image_Dataset@787334f7857fa54f29027a7f09c30e895ad486ef/test/35365,0,real,0.975564181804657,0.0742308124899864,1,0
defactify_balanced,42,b2_correct_a1_wrong,defactify-0065ac707829e0aec787e3a0,hf://Rajarshi-Roy-research/Defactify_Image_Dataset@787334f7857fa54f29027a7f09c30e895ad486ef/test/9965,0,real,0.1499658674001693,0.544197678565979,0,1
defactify_balanced,42,b2_correct_a1_wrong,defactify-0079c9faa53b4b4072c2f882,hf://Rajarshi-Roy-research/Defactify_Image_Dataset@787334f7857fa54f29027a7f09c30e895ad486ef/test/14921,1,Stable Diffusion XL,0.795499324798584,0.3919414281845093,1,0
defactify_balanced,42,b2_correct_a1_wrong,defactify-0096edbda4a9d4d3a812b408,hf://Rajarshi-Roy-research/Defactify_Image_Dataset@787334f7857fa54f29027a7f09c30e895ad486ef/test/43566,0,real,0.470257431268692,0.8648896813392639,0,1
defactify_balanced,42,b2_correct_a1_wrong,defactify-01305d29f4a839107cc9303f,hf://Rajarshi-Roy-research/Defactify_Image_Dataset@787334f7857fa54f29027a7f09c30e895ad486ef/test/24265,0,real,0.1064673215150833,0.7091403603553772,0,1
defactify_balanced,42,b2_correct_a1_wrong,defactify-01383a3cd4c40dfdf00dc501,hf://Rajarshi-Roy-research/Defactify_Image_Dataset@787334f7857fa54f29027a7f09c30e895ad486ef/test/16554,1,Stable Diffusion XL,0.5306141972541809,0.0770650282502174,1,0
defactify_balanced,42,both_correct,defactify-000622c8fca8367b01d6b69a,hf://Rajarshi-Roy-research/Defactify_Image_Dataset@787334f7857fa54f29027a7f09c30e895ad486ef/test/1885,1,DALL-E 3,0.9992050528526306,0.999830722808838,1,1
defactify_balanced,42,both_correct,defactify-001927d4b2e92e3b9db0a013,hf://Rajarshi-Roy-research/Defactify_Image_Dataset@787334f7857fa54f29027a7f09c30e895ad486ef/test/20721,1,Stable Diffusion 2.1,0.943510890007019,0.7064143419265747,1,1
defactify_balanced,42,both_correct,defactify-0024dc0247198a9269c0f074,hf://Rajarshi-Roy-research/Defactify_Image_Dataset@787334f7857fa54f29027a7f09c30e895ad486ef/test/8563,1,DALL-E 3,0.999864935874939,0.9998692274093628,1,1
defactify_balanced,42,both_correct,defactify-0026fd1b2c2f5a675628a686,hf://Rajarshi-Roy-research/Defactify_Image_Dataset@787334f7857fa54f29027a7f09c30e895ad486ef/test/27667,1,Stable Diffusion 3,0.9998125433921814,0.9982572197914124,1,1
defactify_balanced,42,both_correct,defactify-00283a649c424aa3c3a39d82,hf://Rajarshi-Roy-research/Defactify_Image_Dataset@787334f7857fa54f29027a7f09c30e895ad486ef/test/30257,1,Stable Diffusion 3,0.99902081489563,0.9987659454345704,1,1
defactify_balanced,43,both_wrong,defactify-000528627c2e9e065e4aec24,hf://Rajarshi-Roy-research/Defactify_Image_Dataset@787334f7857fa54f29027a7f09c30e895ad486ef/test/31450,0,real,0.6453119516372681,0.5169168710708618,1,1
defactify_balanced,43,both_wrong,defactify-0017903d236513c421ab6529,hf://Rajarshi-Roy-research/Defactify_Image_Dataset@787334f7857fa54f29027a7f09c30e895ad486ef/test/11189,1,Stable Diffusion XL,0.2329263091087341,0.0469365864992141,0,0
defactify_balanced,43,both_wrong,defactify-001d5bc0449a24edb5ee0f53,hf://Rajarshi-Roy-research/Defactify_Image_Dataset@787334f7857fa54f29027a7f09c30e895ad486ef/test/1400,0,real,0.9519217014312744,0.8775155544281006,1,1
defactify_balanced,43,both_wrong,defactify-0023155614e4373c41cdda8e,hf://Rajarshi-Roy-research/Defactify_Image_Dataset@787334f7857fa54f29027a7f09c30e895ad486ef/test/40816,0,real,0.914994180202484,0.715141236782074,1,1
defactify_balanced,43,both_wrong,defactify-0033a720c753cce2786903dc,hf://Rajarshi-Roy-research/Defactify_Image_Dataset@787334f7857fa54f29027a7f09c30e895ad486ef/test/5065,0,real,0.944004476070404,0.944765329360962,1,1
defactify_balanced,43,b2_wrong_a1_correct,defactify-002adf374e8ed3ed999c9df1,hf://Rajarshi-Roy-research/Defactify_Image_Dataset@787334f7857fa54f29027a7f09c30e895ad486ef/test/3978,0,real,0.7439008951187134,0.4707465767860412,1,0
defactify_balanced,43,b2_wrong_a1_correct,defactify-0107d2e0535f0cbe02379ddb,hf://Rajarshi-Roy-research/Defactify_Image_Dataset@787334f7857fa54f29027a7f09c30e895ad486ef/test/13840,0,real,0.624391496181488,0.3517607152462005,1,0
defactify_balanced,43,b2_wrong_a1_correct,defactify-01c95e4cd47e42b078d434a2,hf://Rajarshi-Roy-research/Defactify_Image_Dataset@787334f7857fa54f29027a7f09c30e895ad486ef/test/28861,0,real,0.5383079051971436,0.4642322361469269,1,0
defactify_balanced,43,b2_wrong_a1_correct,defactify-01cbdd12bd8a51603f9ef9e8,hf://Rajarshi-Roy-research/Defactify_Image_Dataset@787334f7857fa54f29027a7f09c30e895ad486ef/test/35365,0,real,0.9481918811798096,0.1169899478554725,1,0
defactify_balanced,43,b2_wrong_a1_correct,defactify-0228c3e2107c3ee5c3573cb4,hf://Rajarshi-Roy-research/Defactify_Image_Dataset@787334f7857fa54f29027a7f09c30e895ad486ef/test/25325,0,real,0.5249651670455933,0.4812968671321869,1,0
defactify_balanced,43,b2_correct_a1_wrong,defactify-0065ac707829e0aec787e3a0,hf://Rajarshi-Roy-research/Defactify_Image_Dataset@787334f7857fa54f29027a7f09c30e895ad486ef/test/9965,0,real,0.1837511956691742,0.5911573767662048,0,1
defactify_balanced,43,b2_correct_a1_wrong,defactify-01305d29f4a839107cc9303f,hf://Rajarshi-Roy-research/Defactify_Image_Dataset@787334f7857fa54f29027a7f09c30e895ad486ef/test/24265,0,real,0.2033088207244873,0.7781124114990234,0,1
defactify_balanced,43,b2_correct_a1_wrong,defactify-01383a3cd4c40dfdf00dc501,hf://Rajarshi-Roy-research/Defactify_Image_Dataset@787334f7857fa54f29027a7f09c30e895ad486ef/test/16554,1,Stable Diffusion XL,0.5316342711448669,0.0931144058704376,1,0
defactify_balanced,43,b2_correct_a1_wrong,defactify-019c360e60334a3d5424ca84,hf://Rajarshi-Roy-research/Defactify_Image_Dataset@787334f7857fa54f29027a7f09c30e895ad486ef/test/35605,1,DALL-E 3,0.5329239368438721,0.4716887474060058,1,0
defactify_balanced,43,b2_correct_a1_wrong,defactify-01e3b1a8424b082504e6f711,hf://Rajarshi-Roy-research/Defactify_Image_Dataset@787334f7857fa54f29027a7f09c30e895ad486ef/test/22616,0,real,0.4678175151348114,0.5966483354568481,0,1
defactify_balanced,43,both_correct,defactify-000622c8fca8367b01d6b69a,hf://Rajarshi-Roy-research/Defactify_Image_Dataset@787334f7857fa54f29027a7f09c30e895ad486ef/test/1885,1,DALL-E 3,0.9985431432724,0.999766767024994,1,1
defactify_balanced,43,both_correct,defactify-001927d4b2e92e3b9db0a013,hf://Rajarshi-Roy-research/Defactify_Image_Dataset@787334f7857fa54f29027a7f09c30e895ad486ef/test/20721,1,Stable Diffusion 2.1,0.8994743824005127,0.7796154618263245,1,1
defactify_balanced,43,both_correct,defactify-0024dc0247198a9269c0f074,hf://Rajarshi-Roy-research/Defactify_Image_Dataset@787334f7857fa54f29027a7f09c30e895ad486ef/test/8563,1,DALL-E 3,0.999729573726654,0.9998594522476196,1,1
defactify_balanced,43,both_correct,defactify-0026fd1b2c2f5a675628a686,hf://Rajarshi-Roy-research/Defactify_Image_Dataset@787334f7857fa54f29027a7f09c30e895ad486ef/test/27667,1,Stable Diffusion 3,0.9996200799942015,0.9987579584121704,1,1
defactify_balanced,43,both_correct,defactify-00283a649c424aa3c3a39d82,hf://Rajarshi-Roy-research/Defactify_Image_Dataset@787334f7857fa54f29027a7f09c30e895ad486ef/test/30257,1,Stable Diffusion 3,0.9980778694152832,0.9989873766899108,1,1
defactify_balanced,44,both_wrong,defactify-0017903d236513c421ab6529,hf://Rajarshi-Roy-research/Defactify_Image_Dataset@787334f7857fa54f29027a7f09c30e895ad486ef/test/11189,1,Stable Diffusion XL,0.0892334282398223,0.0302387401461601,0,0
defactify_balanced,44,both_wrong,defactify-001d5bc0449a24edb5ee0f53,hf://Rajarshi-Roy-research/Defactify_Image_Dataset@787334f7857fa54f29027a7f09c30e895ad486ef/test/1400,0,real,0.983005940914154,0.8288918733596802,1,1
defactify_balanced,44,both_wrong,defactify-0023155614e4373c41cdda8e,hf://Rajarshi-Roy-research/Defactify_Image_Dataset@787334f7857fa54f29027a7f09c30e895ad486ef/test/40816,0,real,0.9189769625663756,0.6294683814048767,1,1
defactify_balanced,44,both_wrong,defactify-0033a720c753cce2786903dc,hf://Rajarshi-Roy-research/Defactify_Image_Dataset@787334f7857fa54f29027a7f09c30e895ad486ef/test/5065,0,real,0.9692521691322328,0.920266568660736,1,1
defactify_balanced,44,both_wrong,defactify-003e7b5f1d42a157aa57a8bd,hf://Rajarshi-Roy-research/Defactify_Image_Dataset@787334f7857fa54f29027a7f09c30e895ad486ef/test/709,0,real,0.86281818151474,0.7038888335227966,1,1
defactify_balanced,44,b2_wrong_a1_correct,defactify-000528627c2e9e065e4aec24,hf://Rajarshi-Roy-research/Defactify_Image_Dataset@787334f7857fa54f29027a7f09c30e895ad486ef/test/31450,0,real,0.6312377452850342,0.3819592297077179,1,0
defactify_balanced,44,b2_wrong_a1_correct,defactify-002adf374e8ed3ed999c9df1,hf://Rajarshi-Roy-research/Defactify_Image_Dataset@787334f7857fa54f29027a7f09c30e895ad486ef/test/3978,0,real,0.5565707683563232,0.3160871863365173,1,0
defactify_balanced,44,b2_wrong_a1_correct,defactify-00b1316c298c5bfaba3761af,hf://Rajarshi-Roy-research/Defactify_Image_Dataset@787334f7857fa54f29027a7f09c30e895ad486ef/test/23362,0,real,0.9647201299667358,0.3836382627487182,1,0
defactify_balanced,44,b2_wrong_a1_correct,defactify-0107d2e0535f0cbe02379ddb,hf://Rajarshi-Roy-research/Defactify_Image_Dataset@787334f7857fa54f29027a7f09c30e895ad486ef/test/13840,0,real,0.6985244750976562,0.2408990263938903,1,0
defactify_balanced,44,b2_wrong_a1_correct,defactify-01cbdd12bd8a51603f9ef9e8,hf://Rajarshi-Roy-research/Defactify_Image_Dataset@787334f7857fa54f29027a7f09c30e895ad486ef/test/35365,0,real,0.995081901550293,0.0841421410441398,1,0
defactify_balanced,44,b2_correct_a1_wrong,defactify-0079c9faa53b4b4072c2f882,hf://Rajarshi-Roy-research/Defactify_Image_Dataset@787334f7857fa54f29027a7f09c30e895ad486ef/test/14921,1,Stable Diffusion XL,0.7732901573181152,0.4067013263702392,1,0
defactify_balanced,44,b2_correct_a1_wrong,defactify-0096edbda4a9d4d3a812b408,hf://Rajarshi-Roy-research/Defactify_Image_Dataset@787334f7857fa54f29027a7f09c30e895ad486ef/test/43566,0,real,0.2736921608448028,0.8678778409957886,0,1
defactify_balanced,44,b2_correct_a1_wrong,defactify-01305d29f4a839107cc9303f,hf://Rajarshi-Roy-research/Defactify_Image_Dataset@787334f7857fa54f29027a7f09c30e895ad486ef/test/24265,0,real,0.0486044064164161,0.7092284560203552,0,1
defactify_balanced,44,b2_correct_a1_wrong,defactify-01a66c7e124aedabcf5be2b1,hf://Rajarshi-Roy-research/Defactify_Image_Dataset@787334f7857fa54f29027a7f09c30e895ad486ef/test/42981,0,real,0.4410161077976227,0.5440284013748169,0,1
defactify_balanced,44,b2_correct_a1_wrong,defactify-021121e688712aa3a36daf2a,hf://Rajarshi-Roy-research/Defactify_Image_Dataset@787334f7857fa54f29027a7f09c30e895ad486ef/test/15319,0,real,0.1916953921318054,0.5774938464164734,0,1
defactify_balanced,44,both_correct,defactify-000622c8fca8367b01d6b69a,hf://Rajarshi-Roy-research/Defactify_Image_Dataset@787334f7857fa54f29027a7f09c30e895ad486ef/test/1885,1,DALL-E 3,0.9997705817222596,0.9998773336410522,1,1
defactify_balanced,44,both_correct,defactify-001927d4b2e92e3b9db0a013,hf://Rajarshi-Roy-research/Defactify_Image_Dataset@787334f7857fa54f29027a7f09c30e895ad486ef/test/20721,1,Stable Diffusion 2.1,0.9612401127815248,0.6866785287857056,1,1
defactify_balanced,44,both_correct,defactify-0024dc0247198a9269c0f074,hf://Rajarshi-Roy-research/Defactify_Image_Dataset@787334f7857fa54f29027a7f09c30e895ad486ef/test/8563,1,DALL-E 3,0.9999921321868896,0.9999158382415771,1,1
defactify_balanced,44,both_correct,defactify-0026fd1b2c2f5a675628a686,hf://Rajarshi-Roy-research/Defactify_Image_Dataset@787334f7857fa54f29027a7f09c30e895ad486ef/test/27667,1,Stable Diffusion 3,0.9999674558639526,0.9988670349121094,1,1
defactify_balanced,44,both_correct,defactify-00283a649c424aa3c3a39d82,hf://Rajarshi-Roy-research/Defactify_Image_Dataset@787334f7857fa54f29027a7f09c30e895ad486ef/test/30257,1,Stable Diffusion 3,0.9996733665466307,0.9991976618766784,1,1
